[
  {
    "_id": "22",
    "name": "WEEKLY",
    "image": "https://gaugyan.com/uploads/banner/1720766550_weekly.png",
    "status": "Active",
    "startFrom": null,
    "createdAt": "2024-07-12 06:42:30"
  },
  {
    "_id": "24",
    "name": "MONTHLY",
    "image": "https://gaugyan.com/uploads/banner/1720768385_monthly__02_(2).png",
    "status": "Active",
    "startFrom": null,
    "createdAt": "2024-07-12 07:13:05"
  },
  {
    "_id": "25",
    "name": "DIALOGUS",
    "image": "https://gaugyan.com/uploads/banner/1720769818_dialogues.png",
    "status": "Active",
    "startFrom": null,
    "createdAt": "2024-07-12 07:36:58"
  },
  {
    "_id": "26",
    "name": "EXAM",
    "image": "https://gaugyan.com/uploads/banner/1720777574_exam.png",
    "status": "Active",
    "startFrom": null,
    "createdAt": "2024-07-12 09:46:14"
  }
]